URL,Last crawled
https://glp1-france.fr/glp1-perte-de-poids/ozempic-prix/,2025-12-14
https://glp1-france.fr/collections/medicaments-glp1/stylo-saxenda/,2025-12-09
https://glp1-france.fr/collections/alternatives-glp1/alternatives-glp1/peut-on-guerir-du-diabete/,2025-11-19
https://glp1-france.fr/glp1-perte-de-poids/chirurgie-bariatrique/,2025-11-17
https://glp1-france.fr/glp1-perte-de-poids/diabete-amaigrissement-rapide/,2025-11-12
https://glp1-france.fr/glp1-perte-de-poids/medicament-pour-perdre-du-ventre-en-1-semaine/,2025-11-11
https://glp1-france.fr/collections/alternatives-glp1/alternatives-glp1/plantes-diabete/,2025-11-11
https://glp1-france.fr/recherche-glp1/,2025-11-10
https://glp1-france.fr/collections/glp1-perte-de-poids/ou-trouver-ozempic/,2025-11-10
https://glp1-france.fr/glp1-perte-de-poids/personne-obese/,2025-11-10
https://glp1-france.fr/alternatives-glp1/peut-on-guerir-du-diabete/,2025-11-09
https://glp1-france.fr/collections/medicaments-glp1/sitagliptine-effets-secondaires/,2025-11-09
https://glp1-france.fr/collections/medicaments-glp1/medicament-anti-obesite-novo-nordisk/,2025-11-08
https://glp1-france.fr/collections/glp1-diabete/glp1-insuline-interaction/,2025-11-08
https://glp1-france.fr/collections/glp1-cout/wegovy-prix-pharmacie/,2025-11-08
https://glp1-france.fr/collections/regime-glp1/glp1-hydratation/,2025-11-08
https://glp1-france.fr/collections/glp1-perte-de-poids/medicament-americain-pour-maigrir/,2025-11-08
https://glp1-france.fr/collections/medicaments-glp1/nouveau-medicament/,2025-11-08
https://glp1-france.fr/collections/medicaments-glp1/medicament-americain-pour-maigrir/,2025-11-07
https://glp1-france.fr/collections/medicaments-glp1/coupe-faim-puissant-interdit-en-france/,2025-11-07
https://glp1-france.fr/collections/medicaments-glp1/pilule-qui-fait-maigrir/,2025-11-03
https://glp1-france.fr/glp1-diabete/diabete-retinopathie-glp1/,2025-11-02
https://glp1-france.fr/glp1-perte-de-poids/medicament-americain-pour-maigrir/,2025-11-01
https://glp1-france.fr/collections/medicaments-glp1/orlistat-avant-apres/,2025-10-27
https://glp1-france.fr/collections/glp1-perte-de-poids/glp1-cout/wegovy-prix/,2025-10-26
https://glp1-france.fr/collections/medicaments-glp1/dulaglutide-nom-commercial/,2025-10-26
https://glp1-france.fr/collections/glp1-perte-de-poids/glp1-perte-de-poids/ou-trouver-ozempic/,2025-10-25
https://glp1-france.fr/collections/glp1-perte-de-poids/glp1-perte-de-poids/ozempic-prix/,2025-10-25
https://glp1-france.fr/collections/medicaments-glp1/saxenda-prix/,2025-10-25
https://glp1-france.fr/collections/glp1-perte-de-poids/glp1-perte-de-poids/ozempic-regime/,2025-10-25
https://glp1-france.fr/regime-glp1/regime-sans-sucre-glp1/,2025-10-24
https://glp1-france.fr/collections/glp1-perte-de-poids/effets-secondaires-glp1/ozempic-danger/,2025-10-24
https://glp1-france.fr/glp1-cout/wegovy-prix-pharmacie/,2025-10-24
https://glp1-france.fr/medicaments-glp1/stylo-saxenda/,2025-10-24
https://glp1-france.fr/medecins-glp1-france/endocrinologue-pour-maigrir-new/,2025-10-24
https://glp1-france.fr/alternatives-glp1/semaglutide-naturel/,2025-10-23
https://glp1-france.fr/collections/medicaments-glp1/wegovy-avis/,2025-10-23
https://glp1-france.fr/collections/glp1-cout/medicaments-glp1/saxenda-prix/,2025-10-23
https://glp1-france.fr/collections/medicaments-glp1/liraglutide-perte-de-poids-avis/,2025-10-23
https://glp1-france.fr/glp1-perte-de-poids/combien-de-dose-dans-un-stylo-ozempic/,2025-10-23
https://glp1-france.fr/glp1-cout/wegovy-prix/,2025-10-23
https://glp1-france.fr/annuaire/endocrinologue-glp1,2025-10-22
https://glp1-france.fr/glp1-perte-de-poids/avant-apres-glp1/,2025-10-22
https://glp1-france.fr/glp1-perte-de-poids/ozempic-regime/,2025-10-22
https://glp1-france.fr/collections/regime-glp1/glp1-perte-de-poids/ou-trouver-ozempic/,2025-10-22
https://glp1-france.fr/alternatives-glp1/vinaigre-cidre-glp1/,2025-10-21
https://glp1-france.fr/medecins-glp1-france/clinique-pour-obesite-new/,2025-10-21
https://glp1-france.fr/collections/glp1-perte-de-poids/ozempic-effets-secondaires-forum/,2025-10-21
https://glp1-france.fr/collections/medicaments-glp1/semaglutide-achat/,2025-10-21
https://glp1-france.fr/glp1-diabete/glp1-nephropathie/,2025-10-21
https://glp1-france.fr/effets-secondaires-glp1/ozempic-danger/,2025-10-21
https://glp1-france.fr/collections/glp1-diabete/diabete-regime-glp1/,2025-10-21
https://glp1-france.fr/guide-glp1-perte-de-poids/,2025-10-21
https://glp1-france.fr/collections/medicaments-glp1/nouveau-traitement-diabete-type-2-injection/,2025-10-21
https://glp1-france.fr/alternatives-glp1/chrome-diabete/,2025-10-20
https://glp1-france.fr/regime-glp1/regime-cetogene-glp1/,2025-10-20
https://glp1-france.fr/collections/glp1-diabete/traitement-insulinique/,2025-10-20
https://glp1-france.fr/recherche-glp1/glp-inhibitors/,2025-10-19
https://glp1-france.fr/collections/glp1-perte-de-poids/combien-de-dose-dans-un-stylo-ozempic/,2025-10-19
https://glp1-france.fr/collections/medicaments-glp1/mecanisme-d-action/,2025-10-19
https://glp1-france.fr/collections/medicaments-glp1/ozempic-injection-prix/,2025-10-19
https://glp1-france.fr/glp1-diabete/glp1-hba1c-reduction/,2025-10-19
https://glp1-france.fr/glp1-diabete/diabete-regime-glp1/,2025-10-19
https://glp1-france.fr/collections/medicaments-glp1/januvia-autre-nom/,2025-10-19
https://glp1-france.fr/collections/glp1-diabete/glp1-diabete-type-1/,2025-10-18
https://glp1-france.fr/collections/glp1-diabete/diabete-sport-glp1/,2025-10-18
https://glp1-france.fr/annuaire/diabetologue,2025-10-16
https://glp1-france.fr/glp1-cout/acheter-wegovy-en-france/,2025-10-16
https://glp1-france.fr/collections/medicaments-glp1/victoza-posologie/,2025-10-16
https://glp1-france.fr/alternatives-glp1/alternatives-bio-glp1/,2025-10-16
https://glp1-france.fr/glp1-perte-de-poids/pilule-qui-fait-maigrir/,2025-10-14
https://glp1-france.fr/medicaments-glp1/medicaments-qui-augmentent-la-glycemie/,2025-10-14
https://glp1-france.fr/quel-traitement-glp1-choisir-fixed/,2025-10-14
https://glp1-france.fr/collections/glp1-perte-de-poids/ozempic-prix/,2025-10-14
https://glp1-france.fr/index-backup-original/,2025-10-13
https://glp1-france.fr/diagnostic-live-content-backup/,2025-10-12
https://glp1-france.fr/collections/glp1-perte-de-poids/avant-apres-glp1/,2025-10-11
https://glp1-france.fr/regime-glp1/glp1-proteines/,2025-10-10
https://glp1-france.fr/alternatives-glp1/yoga-diabete/,2025-10-10
https://glp1-france.fr/medicaments-glp1/trulicity-danger/,2025-10-10
https://glp1-france.fr/glp1-diabete/glp1-auto-surveillance/,2025-10-10
https://glp1-france.fr/guide-debutant/,2025-10-08
https://glp1-france.fr/regime-glp1/regime-mediterraneen-glp1/,2025-10-06
https://glp1-france.fr/alternatives-glp1/supplements-glp1/,2025-10-06
https://glp1-france.fr/regime-glp1/isglt2-liste/,2025-10-06
https://glp1-france.fr/glp1-perte-de-poids/effets-secondaires-glp1/ozempic-danger/,2025-10-05
https://glp1-france.fr/medicaments-glp1/victoza-rupture/,2025-10-04
https://glp1-france.fr/regime-glp1/regime-chrono-nutrition-glp1/,2025-10-04
https://glp1-france.fr/medicaments-glp1/metformine-autre-nom/,2025-10-04
https://glp1-france.fr/medecins-glp1-france/endocrinologue-pour-maigrir/,2025-10-04
https://glp1-france.fr/glp1-perte-de-poids/ozempic-effets-secondaires-forum/,2025-10-04
https://glp1-france.fr/medicaments-glp1/nouveau-medicament/,2025-10-04
https://glp1-france.fr/medicaments-glp1/mounjaro-injection-pour-maigrir/,2025-10-04
https://glp1-france.fr/qu-est-ce-que-glp1/,2025-10-04
https://glp1-france.fr/collections/glp1-diabete/diabete-gestationnel-glp1/,2025-10-04
https://glp1-france.fr/medicaments-glp1/dosage-trulicity/,2025-10-04
https://glp1-france.fr/collections/medicaments-glp1/trulicity-ou-ozempic/,2025-10-04
https://glp1-france.fr/collections/glp1-diabete/diabete-complications-glp1/,2025-10-04
https://glp1-france.fr/collections/medicaments-glp1/ballon-gastrique-rembourse/,2025-10-04
https://glp1-france.fr/medicaments-glp1/trulicity-ou-ozempic/,2025-10-04
https://glp1-france.fr/medicaments-glp1/victoza-posologie/,2025-10-04
https://glp1-france.fr/glp1-perte-de-poids/ou-trouver-ozempic/,2025-10-04
https://glp1-france.fr/medicaments-glp1/januvia-autre-nom/,2025-10-04
https://glp1-france.fr/medicaments-glp1/metformine-diarrhee-solution/,2025-10-04
https://glp1-france.fr/medicaments-glp1/saxenda-prix/,2025-10-04
https://glp1-france.fr/collections/medicaments-glp1/tirzepatide-avis/,2025-10-04
https://glp1-france.fr/medicaments-glp1/mounjaro-effet-secondaire/,2025-10-04
https://glp1-france.fr/collections/medicaments-glp1/medicament-prise-de-poid/,2025-10-04
https://glp1-france.fr/medicaments-glp1/ozempic-injection-prix/,2025-10-04
https://glp1-france.fr/medicaments-glp1/sitagliptine-effets-secondaires/,2025-10-04
https://glp1-france.fr/medicaments-glp1/wegovy-avis/,2025-10-04
https://glp1-france.fr/medecins-glp1-france/diabetologue-paris/,2025-10-04
https://glp1-france.fr/medicaments-glp1/semaglutide-achat/,2025-10-04
https://glp1-france.fr/medicaments-glp1/medicament-americain-pour-maigrir/,2025-10-04
https://glp1-france.fr/medicaments-glp1/mecanisme-d-action/,2025-10-04
https://glp1-france.fr/collections/medicaments-glp1/trulicity-danger/,2025-10-04
https://glp1-france.fr/medicaments-glp1/tirzepatide-avis/,2025-10-04
https://glp1-france.fr/medicaments-glp1/medicament-anti-obesite-novo-nordisk/,2025-10-04
https://glp1-france.fr/collections/medicaments-glp1/victoza-rupture/,2025-10-04
https://glp1-france.fr/medicaments-glp1/coupe-faim-puissant-interdit-en-france/,2025-10-04
https://glp1-france.fr/collections/medicaments-glp1/xenical-remboursement/,2025-10-04
https://glp1-france.fr/medicaments-glp1/sulfamides-medicaments/,2025-10-04
https://glp1-france.fr/medicaments-glp1/ballon-gastrique-rembourse/,2025-10-03
https://glp1-france.fr/alternatives-glp1/alternatives-naturelles-ozempic/,2025-10-03
https://glp1-france.fr/alternatives-glp1/berberine-glp1/,2025-10-03
https://glp1-france.fr/collections/medicaments-glp1/sulfamides-medicaments/,2025-10-03
https://glp1-france.fr/alternatives-glp1/plantes-diabete/,2025-10-02
https://glp1-france.fr/collections/glp1-perte-de-poids/medicament-pour-perdre-du-ventre-en-1-semaine/,2025-10-02
https://glp1-france.fr/glp1-diabete/diabete-sport-glp1/,2025-10-01
https://glp1-france.fr/collections/glp1-diabete/glp1-hba1c-reduction/,2025-10-01
https://glp1-france.fr/collections/medicaments-glp1/traitements-medicamenteux/,2025-10-01
https://glp1-france.fr/glp1-perte-de-poids/medicaments-glp1/nouveau-medicament/,2025-10-01
https://glp1-france.fr/collections/medicaments-glp1/metformine-autre-nom/,2025-10-01
https://glp1-france.fr/effets-secondaires-glp1/wegovy-dosage/,2025-10-01
https://glp1-france.fr/glp1-cout/wegovy-remboursement-mutuelle/,2025-09-30
https://glp1-france.fr/quel-traitement-glp1-choisir-backup/,2025-09-30
https://glp1-france.fr/regime-glp1/glp1-hydratation/,2025-09-29
https://glp1-france.fr/collections/glp1-perte-de-poids/ozempic-regime/,2025-09-29
https://glp1-france.fr/glp1-cout/anneau-gastrique-prix-cmu/,2025-09-29
https://glp1-france.fr/effets-secondaires-glp1/wegovy-danger/,2025-09-29
https://glp1-france.fr/collections/medicaments-glp1/metformine-diarrhee-solution/,2025-09-29
https://glp1-france.fr/medecins-glp1-france/clinique-pour-obesite/,2025-09-28
https://glp1-france.fr/medicaments-glp1/sulfamide-hypoglycemiant/,2025-09-28
https://glp1-france.fr/recherche-glp1/glp-1/,2025-09-27
https://glp1-france.fr/glp1-cout/saxenda-prix-pharmacie/,2025-09-27
https://glp1-france.fr/experts/,2025-09-27
https://glp1-france.fr/glp1-cout/,2025-09-27
https://glp1-france.fr/effets-secondaires-glp1/insulevel-effet-indesirable/,2025-09-27
https://glp1-france.fr/avant-apres-glp1/,2025-09-27
https://glp1-france.fr/medicaments-glp1/medicament-pour-maigrir-tres-puissant/,2025-09-25
https://glp1-france.fr/medicaments-glp1/orlistat-avant-apres/,2025-09-25
https://glp1-france.fr/medicaments-glp1/pilule-qui-fait-maigrir/,2025-09-25
https://glp1-france.fr/medicaments-glp1/medicament-prise-de-poid/,2025-09-25
https://glp1-france.fr/medicaments-glp1/xenical-remboursement/,2025-09-25
https://glp1-france.fr/collections/medicaments-glp1/mounjaro-effet-secondaire/,2025-09-25
https://glp1-france.fr/glp1-diabete/traitement-insulinique/,2025-09-24
https://glp1-france.fr/quel-traitement-glp1-choisir/,2025-09-24
https://glp1-france.fr/medicaments-glp1/traitements-medicamenteux/,2025-09-24
https://glp1-france.fr/collections/medicaments-glp1/medicament-pour-maigrir-tres-puissant/,2025-09-24
https://glp1-france.fr/collections/medicaments-glp1/sulfamide-hypoglycemiant/,2025-09-24
https://glp1-france.fr/collections/glp1-diabete/diabete-pied-glp1/,2025-09-24
https://glp1-france.fr/glp1-perte-de-poids/obesite-severe-prise-en-charge/,2025-09-24
https://glp1-france.fr/medicaments-glp1/dipeptidyl-peptidase-4/,2025-09-24
https://glp1-france.fr/medicaments-glp1/liraglutide-perte-de-poids-avis/,2025-09-24
https://glp1-france.fr/medicaments-glp1/traitement-diabete-type-2/,2025-09-24
https://glp1-france.fr/collections/medicaments-glp1/dosage-trulicity/,2025-09-24
https://glp1-france.fr/medicaments-glp1/dulaglutide-nom-commercial/,2025-09-24
https://glp1-france.fr/glp1-perte-de-poids/medicament-pour-maigrir-tres-puissant/,2025-09-23
https://glp1-france.fr/glp1-cout/operation-pour-maigrir-prix,2025-09-22
https://glp1-france.fr/medecins-glp1-france/,2025-09-22
https://glp1-france.fr/collections/alternatives-glp1/medicaments-glp1/traitement-diabete-type-2/,2025-09-22
https://glp1-france.fr/guide-beaute-perte-de-poids-glp1/,2025-09-22
https://glp1-france.fr/collections/medicaments-glp1/dipeptidyl-peptidase-4/,2025-09-21
https://glp1-france.fr/glp1-diabete/glp1-diabete-type-1/,2025-09-21
https://glp1-france.fr/medicaments-glp1/nouveau-traitement-diabete-type-2-injection/,2025-09-21
https://glp1-france.fr/medicaments-glp1/ado-medicament/,2025-09-21
https://glp1-france.fr/glp1-diabete/glp1-neuropathie-diabetique/,2025-09-20
https://glp1-france.fr/produits-recommandes/,2025-09-19
https://glp1-france.fr/collections/glp1-perte-de-poids/nouveau-medicament-pour-perdre-du-poids/,2025-09-19
https://glp1-france.fr/collections/regime-glp1/regime-glp1-repas/,2025-09-15
https://glp1-france.fr/collections/glp1-perte-de-poids/injection-pour-perdre-du-poids/,2025-09-14
https://glp1-france.fr/collections/recherche-glp1/nouveau-medicament-amaigrissant/,2025-09-14
https://glp1-france.fr/collections/alternatives-glp1/medicament-naturel-glp1/,2025-09-14
https://glp1-france.fr/collections/regime-glp1/regime-glp1-petit-dejeuner/,2025-09-14
https://glp1-france.fr/collections/alternatives-glp1/alternative-naturelle-ozempic/,2025-09-14
https://glp1-france.fr/collections/recherche-glp1/etude-glp1/,2025-09-14
https://glp1-france.fr/legal/confidentialite/,2025-09-14
https://glp1-france.fr/collections/recherche-glp1/recherche-medicament-glp1/,2025-09-14
https://glp1-france.fr/collections/regime-glp1/regime-glp1-aliments-a-eviter/,2025-09-13
https://glp1-france.fr/collections/glp1-perte-de-poids/pilule-miracle-perdre-poids/,2025-09-13
https://glp1-france.fr/collections/regime-glp1/regime-pour-glp1/,2025-09-13
https://glp1-france.fr/collections/alternatives-glp1/alternative-naturelle-wegovy/,2025-09-13
https://glp1-france.fr/legal/cgu/,2025-09-12
https://glp1-france.fr/pages-statiques/serena-williams-glp1/,2025-09-10
https://glp1-france.fr/glp1-cout/saxenda-prix-pharmacie,2025-09-10
https://glp1-france.fr/temoignage-marie-transformation-glp1/,2025-09-09
https://glp1-france.fr/glp1-diabete/diabete-complications-glp1/,2025-09-09
https://glp1-france.fr/regime-glp1/regime-dash-glp1/,2025-09-09
https://glp1-france.fr/temoignage-sophie-transformation-glp1/,2025-09-09
https://glp1-france.fr/glp1-cout/wegovy-prix,2025-09-09
https://glp1-france.fr/glp1-cout/acheter-wegovy-en-france,2025-09-09
https://glp1-france.fr/glp1-diabete/glp1-insuline-interaction/,2025-09-08
https://glp1-france.fr/glp1-diabete/diabete-gestationnel-glp1/,2025-09-08
https://glp1-france.fr/temoignage-laurent-transformation-glp1/,2025-09-08
https://glp1-france.fr/collections/medicaments-glp1/mounjaro-injection-pour-maigrir/,2025-09-07
https://glp1-france.fr/glp1-diabete/glp1-carnet-diabetique/,2025-09-06
https://glp1-france.fr/regime-glp1/regime-paleo-glp1/,2025-09-06
https://glp1-france.fr/alternatives-glp1/acupuncture-glp1/,2025-09-06
https://glp1-france.fr/regime-glp1/glp1-calories-journalieres/,2025-09-06
https://glp1-france.fr/regime-glp1/regime-detox-glp1/,2025-09-06
https://glp1-france.fr/alternatives-glp1/phytotherapie-glp1/,2025-09-05
https://glp1-france.fr/glp1-diabete/diabete-pied-glp1/,2025-09-05
https://glp1-france.fr/medicaments-glp1/mounjaro-prix-france/,2025-09-04
https://glp1-france.fr/alternatives-glp1/cannelle-glp1/,2025-09-04
https://glp1-france.fr/regime-glp1/glp1-index-glycemique/,2025-09-04
https://glp1-france.fr/alternatives-glp1/meditation-glp1/,2025-09-04
https://glp1-france.fr/collections/glp1-diabete/diabete-urgence-glp1/,2025-09-04
https://glp1-france.fr/regime-glp1/glp1-portion-alimentaire/,2025-09-03
https://glp1-france.fr/admin-stats-new/,2025-09-03
https://glp1-france.fr/regime-glp1/jeune-intermittent-glp1/,2025-09-03
https://glp1-france.fr/recherche-glp1/recherche-clinique-glp1/,2025-09-03
https://glp1-france.fr/guides/guide-complet-trulicity/,2025-09-03
https://glp1-france.fr/guides/guide-complet-januvia/,2025-09-03
https://glp1-france.fr/guides/guide-complet-mounjaro/,2025-09-03
https://glp1-france.fr/guides/guide-complet-ozempic/,2025-09-03
https://glp1-france.fr/glp1-cout/operation-pour-maigrir-prix/,2025-09-03
https://glp1-france.fr/alternatives-glp1/homeopathie-diabete/,2025-09-03
https://glp1-france.fr/test-affiliation/,2025-09-02
https://glp1-france.fr/collections/regime-glp1/medicaments-glp1/traitement-diabete-type-2/,2025-09-01
https://glp1-france.fr/collections/regime-glp1/medicaments-glp1/saxenda-prix/,2025-09-01
https://glp1-france.fr/glp1-diabete,2025-08-25
https://glp1-france.fr/temoignages-glp1/,2025-08-25
https://glp1-france.fr/alternatives-glp1/alternatives-naturelles-glp1/,2025-08-19
https://glp1-france.fr/glp1-diabete/diabete-type-2-traitement/,2025-08-19
https://glp1-france.fr/regime-glp1/glp1-micronutriments/,2025-08-19
https://glp1-france.fr/test-affiliation-multi/,2025-08-19
https://glp1-france.fr/test-admin/,2025-08-19
https://glp1-france.fr/politique-confidentialite/,2025-08-11